id,kind,priority,problem_or_tags,idea_en,quote,quote_2,source_url,page,check_this,status,note
draft_P001,drafted,high,directions / wished: We got off at the bus stop and did not know which path led to the farm.,"Tie a bright cloth or paint a simple arrow at the bus stop and at each fork, and ask guides to tell guests to follow that colour.",,,,,"Is it practical this month for a 2-3 room farm-stay? No money amounts, legal or medical claims? Works without internet and without the host speaking English?",,
draft_P002,drafted,high,"directions / wished: There is no sign at the turning, so we walked straight past the house.","Put a wooden board with the farm's name and a drawing of a coffee branch at the turning, high enough to be seen from the road.",,,,,"Is it practical this month for a 2-3 room farm-stay? No money amounts, legal or medical claims? Works without internet and without the host speaking English?",,
draft_P008,drafted,high,language / wished: We had no shared language with the host and could not ask even simple questions.,"Make a picture card with drawings of common needs — water, toilet, food, blanket, sleep — so guests can point and the host can answer by pointing.",,,,,"Is it practical this month for a 2-3 room farm-stay? No money amounts, legal or medical claims? Works without internet and without the host speaking English?",,
draft_P015,drafted,high,food_timing / wished: Breakfast came after the time we needed to set off on our walk.,"The evening before, ask guests when they want to eat by pointing at a clock or at where the sun will be, and prepare what you can that night.",,,,,"Is it practical this month for a 2-3 room farm-stay? No money amounts, legal or medical claims? Works without internet and without the host speaking English?",,
draft_P021,drafted,high,food / wished: The food was too spicy for us.,"Cook the guests' portion without chilli, and put pickle and chilli in a separate small bowl so each person adds their own.",,,,,"Is it practical this month for a 2-3 room farm-stay? No money amounts, legal or medical claims? Works without internet and without the host speaking English?",,
draft_P022,drafted,high,"food / wished: I do not eat meat, and there was little for me besides rice.","Ask through the guide on arrival who does not eat meat, eggs or milk, and for them add an extra lentil or bean dish and greens from the garden.",,,,,"Is it practical this month for a 2-3 room farm-stay? No money amounts, legal or medical claims? Works without internet and without the host speaking English?",,
draft_P028,drafted,high,rooms / wished: The room was very cold at night.,"Put an extra blanket on each bed before guests ask, and in the cold months offer a warm drink or a hot water bottle at bedtime.",,,,,"Is it practical this month for a 2-3 room farm-stay? No money amounts, legal or medical claims? Works without internet and without the host speaking English?",,
draft_P035,drafted,high,bathroom_water / wished: There was no hot water for washing.,"Warm a bucket of water on the fire or in the sun each afternoon and offer it at the same time every day, showing guests by gesture when it will be ready.",,,,,"Is it practical this month for a 2-3 room farm-stay? No money amounts, legal or medical claims? Works without internet and without the host speaking English?",,
draft_P036,drafted,high,bathroom_water / wished: The toilet was far from the room and hard to find at night.,"Show guests the way to the toilet while it is still light, keep the path clear, and leave a torch by the room door.",,,,,"Is it practical this month for a 2-3 room farm-stay? No money amounts, legal or medical claims? Works without internet and without the host speaking English?",,
draft_P037,drafted,high,bathroom_water / wished: We were not sure whether the drinking water was safe.,"Boil the drinking water where guests can see it being done, and keep it in a covered jug in their room, refilled every day.",,,,,"Is it practical this month for a 2-3 room farm-stay? No money amounts, legal or medical claims? Works without internet and without the host speaking English?",,
draft_P042,drafted,high,hygiene / wished: There were many flies around the food.,"Keep every dish covered with a lid, a plate or a clean cloth until it is served, and serve guests away from the animal shed.",,,,,"Is it practical this month for a 2-3 room farm-stay? No money amounts, legal or medical claims? Works without internet and without the host speaking English?",,
draft_P043,drafted,high,hygiene / wished: The sheets did not look freshly washed.,"Wash and sun-dry the sheets and pillow covers after every guest, and if guests arrive early, make the bed while they can see.",,,,,"Is it practical this month for a 2-3 room farm-stay? No money amounts, legal or medical claims? Works without internet and without the host speaking English?",,
draft_P049,drafted,high,activities / wished: After the farm walk there was nothing else to do.,"Offer one simple thing for each part of the day and show it by doing: feeding the animals in the morning, a walk to a viewpoint, grinding grain or weaving in the afternoon.",,,,,"Is it practical this month for a 2-3 room farm-stay? No money amounts, legal or medical claims? Works without internet and without the host speaking English?",,
draft_P062,drafted,high,safety / wished: The stone steps were slippery after the rain.,"Scrub the moss off the steps guests use, put straw or sand on wet patches, and show guests the steps while it is light.",,,,,"Is it practical this month for a 2-3 room farm-stay? No money amounts, legal or medical claims? Works without internet and without the host speaking English?",,
draft_P068,drafted,high,pricing_payment / wished: We did not know the price until we were leaving.,"On arrival, agree through the guide what the stay includes and what is extra, and show the amounts written on paper so nothing is a surprise at the end.",,,,,"Is it practical this month for a 2-3 room farm-stay? No money amounts, legal or medical claims? Works without internet and without the host speaking English?",,
draft_P074,drafted,high,"booking_enquiries / wished: We tried to call to book, but nobody answered.","Choose one time each evening when the phone is always switched on and near a family member, and tell guides that this is the time to call.",,,,,"Is it practical this month for a 2-3 room farm-stay? No money amounts, legal or medical claims? Works without internet and without the host speaking English?",,
draft_P086,drafted,high,reviews_referrals / wished: Happy guests leave and we never hear from them again.,"Keep a guest notebook: ask each guest to write their name, country, phone number and what they liked; it becomes the list for later greetings.",,,,,"Is it practical this month for a 2-3 room farm-stay? No money amounts, legal or medical claims? Works without internet and without the host speaking English?",,
draft_P088,drafted,high,reviews_referrals / wished: Nobody has written a review of the farm-stay anywhere.,"At the moment of goodbye, while the feeling is fresh, ask guests through the guide to write a few lines about the farm once they are back in town.",,,,,"Is it practical this month for a 2-3 room farm-stay? No money amounts, legal or medical claims? Works without internet and without the host speaking English?",,
draft_P089,drafted,high,"reviews_referrals / wished: We do not know what guests really thought, because they are too polite to say.","Ask the guide, away from the family, to find out one thing the guests would change, and to tell you afterwards.",,,,,"Is it practical this month for a 2-3 room farm-stay? No money amounts, legal or medical claims? Works without internet and without the host speaking English?",,
draft_P094,drafted,high,seasonal_operations / wished: The host was busy in the fields and we were left alone for most of the day.,"In busy weeks, take guests along to the field for part of the day, and show them in the morning, by gesture, when you leave and when you come back.",,,,,"Is it practical this month for a 2-3 room farm-stay? No money amounts, legal or medical claims? Works without internet and without the host speaking English?",,
idea_01,library,,directions,"Put up a clear, good-looking sign beside the road so that people passing by, and guests looking for the place, can see where to turn in.",It is extremely important that you have a clear and attractive sign near the road in order to encourage passing visitors.,,https://papuanewguinea.travel/wp-content/uploads/2024/07/Guesthouse-Development-Guidebook.pdf,"p. 67 (PDF p. 68), Marketing – Sign","Open p. 67 (PDF p. 68), Marketing – Sign and confirm the quote word for word; confirm idea_en says nothing more than the quote.",,
idea_02,library,,"directions, online_presence","Make a simple leaflet with a sketch map, written directions to the house, a phone number and what is on offer; photocopy it and leave copies at arrival points and the tourism office.","You might like to try to produce a simple brochure which you could be photocopied and left at the airport, provincial tourism bureau.","Your name and telephone number • An attractive sketch, picture or map • Directions about how to get to your guesthouse and • A list of your facilities and activities.",https://papuanewguinea.travel/wp-content/uploads/2024/07/Guesthouse-Development-Guidebook.pdf,"p. 68 (PDF p. 69), Brochures and Business cards","Open p. 68 (PDF p. 69), Brochures and Business cards and confirm the quote and quote_2 word for word; confirm idea_en says nothing more than the quotes.",,
idea_03,library,,"food_timing, food","Ask guests the evening before which kind of breakfast they want (local or the style they are used to), so it can be ready in the morning without guessing.",Ask them the night before if your guests prefer a PNG or European breakfast,,https://papuanewguinea.travel/wp-content/uploads/2024/07/Guesthouse-Development-Guidebook.pdf,"p. 29 (PDF p. 30), Menu planning – Breakfast","Open p. 29 (PDF p. 30), Menu planning – Breakfast and confirm the quote word for word; confirm idea_en says nothing more than the quote.",,
idea_04,library,,food_timing,"Tell guests the meal times, and when only a few guests are staying, ask what time they would like to eat and fit meals around that.",If you only have a few guests ask what time they prefer to eat and try to cater to their needs.,Let guests know what time meals are served.,https://papuanewguinea.travel/wp-content/uploads/2024/07/Guesthouse-Development-Guidebook.pdf,"p. 33 (PDF p. 34), Food serving","Open p. 33 (PDF p. 34), Food serving and confirm the quote and quote_2 word for word; confirm idea_en says nothing more than the quotes.",,
idea_05,library,,"food_timing, food","When there is no choice of dishes, write the day's menu up each morning in the dining area (a chalk or white board works) so guests know what is coming.",If you are not able to give a choice of food make sure to put up a menu every morning in the dining area for guests to see.,,https://papuanewguinea.travel/wp-content/uploads/2024/07/Guesthouse-Development-Guidebook.pdf,"p. 28 (PDF p. 29), Menu planning","Open p. 28 (PDF p. 29), Menu planning and confirm the quote word for word; confirm idea_en says nothing more than the quote.",,
idea_06,library,,"activities, food","Turn meals into an experience: walk guests through the food garden, let them watch the cooking and try the local recipes themselves.",You might also like to show your guests your food garden and encourage them to try local recipes and see how the food is prepared.,,https://papuanewguinea.travel/wp-content/uploads/2024/07/Guesthouse-Development-Guidebook.pdf,"p. 34 (PDF p. 35), Food serving","Open p. 34 (PDF p. 35), Food serving and confirm the quote word for word; confirm idea_en says nothing more than the quote.",,
idea_07,library,,"activities, pricing_payment","Keep a board in the common area listing each activity on offer with its price, so guests can see at any time what they can do and what it costs.",You could have a white/black board located in the common area where you could have a list of the different activities and their prices.,,https://papuanewguinea.travel/wp-content/uploads/2024/07/Guesthouse-Development-Guidebook.pdf,"p. 40 (PDF p. 41), Informing guests about activities","Open p. 40 (PDF p. 41), Informing guests about activities and confirm the quote word for word; confirm idea_en says nothing more than the quote.",,
idea_08,library,,activities,A rural tour service lets visitors spend an afternoon doing real farm work – in the rice field or gathering wild vegetables – as part of their stay.,"They can set off hiking in the countryside on their own, or work for an afternoon in a rice field or collecting wild vegetables.",,https://www.apec.org/publications/2010/06/effective-community-based-tourism-a-best-practice-manual-june-2010,"p. 118 (PDF p. 131), 9.12 Case Study: One Life, Japan","Open p. 118 (PDF p. 131), 9.12 Case Study: One Life, Japan and confirm the quote word for word; confirm idea_en says nothing more than the quote.",,
idea_09,library,,hygiene,Make hand-washing with soap the fixed first step before anyone touches food; the same checklist also asks for clean utensils and separate boards and knives for meat and vegetables.,Always wash your hands with soap before touching any food,Prepare meat and vegetables on different cutting boards and with different knives and wash the utensils well afterwards,https://papuanewguinea.travel/wp-content/uploads/2024/07/Guesthouse-Development-Guidebook.pdf,"p. 32 (PDF p. 33), Food preparation","Open p. 32 (PDF p. 33), Food preparation and confirm the quote and quote_2 word for word; confirm idea_en says nothing more than the quotes.",,
idea_10,library,,"hygiene, bathroom_water","Give guests only boiled drinking water: boil it for at least ten minutes, then store it in a clean container and keep it cool.",This drinking water must be boiled for at least ten minutes to remove bacteria and then placed in a clean container cooled and placed in the fridge.,,https://papuanewguinea.travel/wp-content/uploads/2024/07/Guesthouse-Development-Guidebook.pdf,"p. 30 (PDF p. 31), Drinks and snacks","Open p. 30 (PDF p. 31), Drinks and snacks and confirm the quote word for word; confirm idea_en says nothing more than the quote.",,
idea_11,library,,"hygiene, bathroom_water","Keep food covered once it is served, and serve guests only safe drinking water.",Served food shall be properly covered.,Guests shall only be served safe drinking water.,https://asean.org/wp-content/uploads/2012/05/ASEAN-Homestay-Standard.pdf,"p. 9 (PDF p. 21), §5.6.3.6 Food Preparation","Open p. 9 (PDF p. 21), §5.6.3.6 Food Preparation and confirm the quote and quote_2 word for word; confirm idea_en says nothing more than the quotes.",,
idea_12,library,,"language, culture","Have one person do the welcome: greet guests in the host's own language, and where a family member has some English, let that person explain how things work.","Greeting tourists in your own language will add to their experience, if there is someone in the family who speaks some English and can explain everything",,https://papuanewguinea.travel/wp-content/uploads/2024/07/Guesthouse-Development-Guidebook.pdf,"p. 9 (PDF p. 10), Meeting and Greeting – Welcoming","Open p. 9 (PDF p. 10), Meeting and Greeting – Welcoming and confirm the quote word for word; confirm idea_en says nothing more than the quote.",,
idea_13,library,,"language, booking_enquiries","When the English speaker is away, whoever answers the phone uses a short memorised script: take the caller's name and number and promise a call back.",the person who answers the phone would be able to at least ask for a name and a telephone number and say “My mother will call you back later”,,https://papuanewguinea.travel/wp-content/uploads/2024/07/Guesthouse-Development-Guidebook.pdf,"p. 24 (PDF p. 25), Booking Facilities","Open p. 24 (PDF p. 25), Booking Facilities and confirm the quote word for word; confirm idea_en says nothing more than the quote.",,
idea_14,library,,language,"A rural tour service makes bilingual helpers who know the area and culture available to visitors, bridging between guests and local families.",Bilingual facilitators who have studied the area and culture are available,,https://www.apec.org/publications/2010/06/effective-community-based-tourism-a-best-practice-manual-june-2010,"p. 118 (PDF p. 131), 9.12 Case Study: One Life, Japan","Open p. 118 (PDF p. 131), 9.12 Case Study: One Life, Japan and confirm the quote word for word; confirm idea_en says nothing more than the quote.",,
idea_15,library,,online_presence,Get listed in a travel guidebook: a remote lodge without internet access found that a guidebook listing was what spread the word and brought steady growth.,A listing in the Lonely Planet was crucial in spreading the word about the lodge and since then it has consistently grown.,The remote location of Kumul Lodge has meant that it faces many communication-based challenges. The lack of Internet access makes it difficult to attract international visitors.,https://www.apec.org/publications/2010/06/effective-community-based-tourism-a-best-practice-manual-june-2010,"p. 115 (PDF p. 128), 9.10 Case Study: Kumul Lodge – Challenges faced","Open p. 115 (PDF p. 128), 9.10 Case Study: Kumul Lodge – Challenges faced and confirm the quote and quote_2 word for word; confirm idea_en says nothing more than the quotes.",,
idea_16,library,,"online_presence, reviews_referrals",List the place on travel websites and social media – directly or through the tourism authority – and answer negative comments quickly.,"Community managers or tourism authorities can list the destination on travel websites and make use of social networking and media sites to promote CBT (e.g. Facebook, Twitter, YouTube, Flickr).",It is important to recognise that anyone can post on these online travel networks and negative comments need to be addressed swiftly.,https://www.apec.org/publications/2010/06/effective-community-based-tourism-a-best-practice-manual-june-2010,"p. 71 (PDF p. 84), 7.4 – Get online and network","Open p. 71 (PDF p. 84), 7.4 – Get online and network and confirm the quote and quote_2 word for word; confirm idea_en says nothing more than the quotes.",,
idea_17,library,,online_presence,Ask young people in the village to look after the homestay's website and social media pages and keep them up to date.,It is recommended to engage the village youth to maintain and update the online promotional mediums.,,https://asean.org/wp-content/uploads/2012/05/ASEAN-Homestay-Standard.pdf,"p. 10 (PDF p. 22), §5.8.3.2 Web Marketing","Open p. 10 (PDF p. 22), §5.8.3.2 Web Marketing and confirm the quote word for word; confirm idea_en says nothing more than the quote.",,
idea_18,library,,"safety, activities",Give guests a short safety briefing before every activity starts.,Guests shall be briefed on safety aspects prior to taking part in any homestay activity.,,https://asean.org/wp-content/uploads/2012/05/ASEAN-Homestay-Standard.pdf,"p. 10 (PDF p. 22), §5.7.3.1 Briefing on Safety Aspects","Open p. 10 (PDF p. 22), §5.7.3.1 Briefing on Safety Aspects and confirm the quote word for word; confirm idea_en says nothing more than the quote.",,
idea_19,library,,safety,Make sure at least one family member has first aid training so that someone on site can respond if a guest is hurt.,Try to make sure one of your family is trained in first aid procedures,,https://papuanewguinea.travel/wp-content/uploads/2024/07/Guesthouse-Development-Guidebook.pdf,"p. 51 (PDF p. 52), Guest Safety","Open p. 51 (PDF p. 52), Guest Safety and confirm the quote word for word; confirm idea_en says nothing more than the quote.",,
idea_20,library,,"safety, rooms",Ban candles in guest rooms and show guests how to use any lamps safely.,Do not allow the use of candles in guesthouses as these pose a big fire hazard.,If you provide kerosene lamps or BBQ facilities for your guests show them how these can be safely used.,https://papuanewguinea.travel/wp-content/uploads/2024/07/Guesthouse-Development-Guidebook.pdf,"p. 48 (PDF p. 49), Site Security – Fire","Open p. 48 (PDF p. 49), Site Security – Fire and confirm the quote and quote_2 word for word; confirm idea_en says nothing more than the quotes.",,
idea_21,library,,reviews_referrals,"On the day guests leave, send them a message asking them to review their stay.",Consider scheduling a message on the day of checkout asking guests to review their stay.,,https://www.airbnb.com/resources/hosting-homes/a/the-essentials-welcome-your-first-airbnb-guests-32,"web page, section on reviews (last section)","Open web page, section on reviews (last section) and confirm the quote word for word; confirm idea_en says nothing more than the quote.",,
idea_22,library,,reviews_referrals,"After guests leave, write a review of them: use it to thank them, give feedback and remind them to review you.","Review your guests. This is a chance to express gratitude, share feedback and remind guests to review you.",,https://www.airbnb.co.in/resources/hosting-homes/a/create-a-5-star-stay-657,"web page, Step 5: Giving and getting reviews","Open web page, Step 5: Giving and getting reviews and confirm the quote word for word; confirm idea_en says nothing more than the quote.",,
idea_23,library,,reviews_referrals,"Reply to the reviews guests leave, and use the reply to show you are open to improving.",Respond to reviews. Use this as an opportunity to show you’re open to improving.,,https://www.airbnb.co.in/resources/hosting-homes/a/create-a-5-star-stay-657,"web page, Step 5: Giving and getting reviews","Open web page, Step 5: Giving and getting reviews and confirm the quote word for word; confirm idea_en says nothing more than the quote.",,
idea_24,library,,reviews_referrals,"A host treats what guests say in reviews as her guide to improving, and takes it to heart.","“It’s important to take reviews to heart,” says Sadie, a Superhost in Santa Fe, New Mexico.",“Guests are really your guide to getting to five stars.”,https://www.airbnb.co.in/resources/hosting-homes/a/create-a-5-star-stay-657,"web page, Step 5: Giving and getting reviews","Open web page, Step 5: Giving and getting reviews and confirm the quote and quote_2 word for word; confirm idea_en says nothing more than the quotes.",,
idea_25,library,,"directions, language","Give arrival instructions one step at a time, and add photos or a map with arrows.","Write clear check-in instructions. Explain the process step by step, and include any details that might be helpful, such as photos or a map with arrows.",,https://www.airbnb.co.in/resources/hosting-homes/a/create-a-5-star-stay-657,"web page, Step 2: Making check-in and checkout a breeze","Open web page, Step 2: Making check-in and checkout a breeze and confirm the quote word for word; confirm idea_en says nothing more than the quote.",,
idea_26,library,,"rooms, food","Small gestures count: for example leave a blanket out for guests, or share some coffee or tea with them.","Small gestures go a long way, like leaving a blanket on a couch or sharing some coffee or tea.",,https://www.airbnb.com/resources/hosting-homes/a/compliments-to-the-host-76,"web page, section on paying attention to details","Open web page, section on paying attention to details and confirm the quote word for word; confirm idea_en says nothing more than the quote.",,
idea_27,library,,safety,"Keep a fire extinguisher, a first-aid kit and a torch ready, and give guests the emergency phone numbers.","Equip your space with a fire extinguisher, first-aid kit and torch. Share emergency phone numbers in the event guests need help.",,https://www.airbnb.co.in/resources/hosting-homes/a/create-a-5-star-stay-657,"web page, Step 4: Preparing for the unexpected","Open web page, Step 4: Preparing for the unexpected and confirm the quote word for word; confirm idea_en says nothing more than the quote.",,
idea_28,library,,"rooms, bathroom_water","Before guests arrive, make sure the basics are there: towels, bed linen, pillows, soap and toilet paper.","Stock up on the basics. These include towels, linens, pillows, soap, and toilet paper.",,https://www.airbnb.com/resources/hosting-homes/a/the-essentials-welcome-your-first-airbnb-guests-32,"web page, section on providing a comfortable stay","Open web page, section on providing a comfortable stay and confirm the quote word for word; confirm idea_en says nothing more than the quote.",,
idea_29,library,,"food, seasonal_operations",A homestay host grows seasonal and off-season vegetables all year round and serves her guests food made from her own farm's produce.,Ms. Bankumri Gurung has been farming different types of seasonal and off seasonal vegetables all year round to serve her guests from homestay.,They serve tasty delicacies prepared from organic products from their farm.,https://www.caritasnepal.org/storiesofchange/bankumari-setting-an-example/,web page,Open web page and confirm the quote and quote_2 word for word; confirm idea_en says nothing more than the quotes.,,
idea_30,library,,"hygiene, bathroom_water","A homestay village is described as having neat and tidy houses, with toilets and drinking water facilities.","Neat and tidy houses, toilets and drinking water facilities like in a developed city, clean and spacious stone paved streets.",,https://ekantipur.com/news/2025/01/22/en/homestay-business-spread-from-sirubari-19-48.html,web page — page description only (the article body did not load),Open web page — page description only (the article body did not load) and confirm the quote word for word; confirm idea_en says nothing more than the quote.,,
draft_P003,drafted,normal,directions / wished: We arrived after dark and could not see the last part of the trail.,"When guests are expected late, send a family member with a torch to wait at the last junction and walk them in.",,,,,"Is it practical this month for a 2-3 room farm-stay? No money amounts, legal or medical claims? Works without internet and without the host speaking English?",,
draft_P004,drafted,normal,directions / wished: The map on our phone showed a spot far from the real house.,"Ask guides to tell guests not to rely on the phone map, and give them the same few landmarks to pass in order every time, such as the big tree, the water tap and the gate.",,,,,"Is it practical this month for a 2-3 room farm-stay? No money amounts, legal or medical claims? Works without internet and without the host speaking English?",,
draft_P005,drafted,normal,directions / wished: Our driver did not know the place and had to ask villagers again and again.,"Agree with the drivers at the nearest stand on one well-known landmark name for the farm, and have guides tell every guest to say that name.",,,,,"Is it practical this month for a 2-3 room farm-stay? No money amounts, legal or medical claims? Works without internet and without the host speaking English?",,
draft_P006,drafted,normal,directions / loved: Guests enjoyed the walk up from the road through the village and the fields.,"Make the arrival walk part of the visit: stop at a couple of places on the way, such as the water tap and the first coffee plants, and show them by pointing.",,,,,"Is it practical this month for a 2-3 room farm-stay? No money amounts, legal or medical claims? Works without internet and without the host speaking English?",,
draft_P007,drafted,normal,directions / loved: Guests liked being met at the bus stop by someone from the family.,"Offer this to every guest, and let the family member carry a small board with the farm's name so guests know who to look for.",,,,,"Is it practical this month for a 2-3 room farm-stay? No money amounts, legal or medical claims? Works without internet and without the host speaking English?",,
draft_P009,drafted,normal,"language / wished: After our guide left, there was nobody who could translate.","Before the guide leaves, sit together for a few minutes: the guide tells guests the meal times and tomorrow's plan, and tells the host what the guests need.",,,,,"Is it practical this month for a 2-3 room farm-stay? No money amounts, legal or medical claims? Works without internet and without the host speaking English?",,
draft_P010,drafted,normal,language / wished: We did not understand what the plan for the day was.,"Draw the day as a row of simple pictures — morning tea, farm walk, meal, rest — with the sun low, high and low again, and show it each morning.",,,,,"Is it practical this month for a 2-3 room farm-stay? No money amounts, legal or medical claims? Works without internet and without the host speaking English?",,
draft_P011,drafted,normal,"language / wished: We wanted to learn about the family and the farm, but could not talk with them.",Keep a small album of family and farm photos through the seasons; turning its pages together tells the story without words.,,,,,"Is it practical this month for a 2-3 room farm-stay? No money amounts, legal or medical claims? Works without internet and without the host speaking English?",,
draft_P012,drafted,normal,language / wished: The host seemed shy and did not come to sit with us.,Sit with the guests for tea once a day even without much talk; teach them one word of your language and learn their word for thank you.,,,,,"Is it practical this month for a 2-3 room farm-stay? No money amounts, legal or medical claims? Works without internet and without the host speaking English?",,
draft_P013,drafted,normal,language / loved: Guests loved learning a few Nepali words from the family.,"Make it a small habit: teach one new word at each meal, such as the name of a dish or the word for tasty, and let the children be the teachers.",,,,,"Is it practical this month for a 2-3 room farm-stay? No money amounts, legal or medical claims? Works without internet and without the host speaking English?",,
draft_P014,drafted,normal,language / loved: Guests enjoyed how the children helped them communicate with gestures and laughter.,"After school, let the children show guests around the yard and the animals for a short while, with an adult close by.",,,,,"Is it practical this month for a 2-3 room farm-stay? No money amounts, legal or medical claims? Works without internet and without the host speaking English?",,
draft_P016,drafted,normal,food_timing / wished: Dinner was served very early and we were hungry again at night.,"Leave a covered plate of something simple in the guest room for later, such as roasted maize, beaten rice or fruit.",,,,,"Is it practical this month for a 2-3 room farm-stay? No money amounts, legal or medical claims? Works without internet and without the host speaking English?",,
draft_P017,drafted,normal,food_timing / wished: We had an early bus and left without eating anything.,"When guests leave early, pack food the night before — boiled eggs, flatbread, fruit — and hand it over as they go.",,,,,"Is it practical this month for a 2-3 room farm-stay? No money amounts, legal or medical claims? Works without internet and without the host speaking English?",,
draft_P018,drafted,normal,food_timing / wished: We never knew when the next meal would be.,"Have the guide tell guests the meal times once on arrival, and before each meal send a child or ring a small bell.",,,,,"Is it practical this month for a 2-3 room farm-stay? No money amounts, legal or medical claims? Works without internet and without the host speaking English?",,
draft_P019,drafted,normal,food_timing / wished: We came back hungry from the hike and waited a long time for food.,"Have tea and a small snack ready for when guests return from a walk, so the main meal can take its time.",,,,,"Is it practical this month for a 2-3 room farm-stay? No money amounts, legal or medical claims? Works without internet and without the host speaking English?",,
draft_P020,drafted,normal,food_timing / loved: Guests loved the unhurried evening meal with the family around the fire.,"Keep one meal of every stay as the family meal on purpose, and invite guests into the kitchen while the food is being finished.",,,,,"Is it practical this month for a 2-3 room farm-stay? No money amounts, legal or medical claims? Works without internet and without the host speaking English?",,
draft_P023,drafted,normal,food / wished: We were given the same dish at every meal.,"Change one thing at each meal — a different vegetable, a different pickle, flatbread in place of rice — using whatever is ready in the garden.",,,,,"Is it practical this month for a 2-3 room farm-stay? No money amounts, legal or medical claims? Works without internet and without the host speaking English?",,
draft_P024,drafted,normal,food / wished: I have to avoid some ingredients and could not tell what was in the food.,"Before cooking, show guests the raw ingredients of each dish on a plate, so they can point to anything they do not eat.",,,,,"Is it practical this month for a 2-3 room farm-stay? No money amounts, legal or medical claims? Works without internet and without the host speaking English?",,
draft_P025,drafted,normal,food / wished: We hoped to taste food from the farm but were given packet noodles and biscuits.,"Serve what the farm grows first — greens, maize, millet, milk, fruit in season — and keep packet food only for guests who ask for it.",,,,,"Is it practical this month for a 2-3 room farm-stay? No money amounts, legal or medical claims? Works without internet and without the host speaking English?",,
draft_P026,drafted,normal,food / loved: Guests loved the coffee grown and roasted on the farm.,"Let guests roast and grind a small handful themselves and drink that cup, and offer a small packet of the farm's beans to carry home.",,,,,"Is it practical this month for a 2-3 room farm-stay? No money amounts, legal or medical claims? Works without internet and without the host speaking English?",,
draft_P027,drafted,normal,food / loved: Guests praised the home-cooked meals made with vegetables from the garden.,"Before the meal, walk guests through the garden and let them pick one vegetable that will be cooked for them.",,,,,"Is it practical this month for a 2-3 room farm-stay? No money amounts, legal or medical claims? Works without internet and without the host speaking English?",,
draft_P029,drafted,normal,rooms / wished: Roosters and dogs woke us long before sunrise.,"Give guests the room furthest from the animal shed, and on arrival let them know, with a smile and a crowing gesture, that the farm wakes early.",,,,,"Is it practical this month for a 2-3 room farm-stay? No money amounts, legal or medical claims? Works without internet and without the host speaking English?",,
draft_P030,drafted,normal,rooms / wished: The mattress was thin and the bed felt hard.,"Lay a folded quilt or a second thin mattress under the sheet to soften the bed, and air the bedding in the sun between guests.",,,,,"Is it practical this month for a 2-3 room farm-stay? No money amounts, legal or medical claims? Works without internet and without the host speaking English?",,
draft_P031,drafted,normal,rooms / wished: When the power went out there was no light in the room.,Keep a charged torch or solar lamp on a hook by each bed and show guests where it is when they arrive.,,,,,"Is it practical this month for a 2-3 room farm-stay? No money amounts, legal or medical claims? Works without internet and without the host speaking English?",,
draft_P032,drafted,normal,rooms / wished: The door had no lock and we worried about our bags.,"Fit a simple bolt on the inside of the guest room door, and offer a family trunk or cupboard with a padlock for bags.",,,,,"Is it practical this month for a 2-3 room farm-stay? No money amounts, legal or medical claims? Works without internet and without the host speaking English?",,
draft_P033,drafted,normal,rooms / wished: There was nowhere to hang clothes or put our things.,"Put a few wooden pegs or nails in the wall, tie a line for clothes, and set a small bench or crate by the bed.",,,,,"Is it practical this month for a 2-3 room farm-stay? No money amounts, legal or medical claims? Works without internet and without the host speaking English?",,
draft_P034,drafted,normal,rooms / loved: Guests loved waking up to the view of the hills from the room.,Put a bench or a mat at the best viewing spot and bring the morning tea there.,,,,,"Is it practical this month for a 2-3 room farm-stay? No money amounts, legal or medical claims? Works without internet and without the host speaking English?",,
draft_P038,drafted,normal,bathroom_water / wished: The water ran out while we were washing.,"Fill a covered drum or buckets for the guest washing place every morning, and show guests by gesture that a bucket wash is best when water is short.",,,,,"Is it practical this month for a 2-3 room farm-stay? No money amounts, legal or medical claims? Works without internet and without the host speaking English?",,
draft_P039,drafted,normal,bathroom_water / wished: There was no soap or towel in the bathroom.,"Keep a soap dish and a clean small towel on a nail by the washing place, and look at them each morning.",,,,,"Is it practical this month for a 2-3 room farm-stay? No money amounts, legal or medical claims? Works without internet and without the host speaking English?",,
draft_P040,drafted,normal,bathroom_water / wished: We did not know how to use the squat toilet and the bucket.,"Hang a simple hand-drawn picture by the toilet showing the bucket and the pouring of water, and keep the bucket full.",,,,,"Is it practical this month for a 2-3 room farm-stay? No money amounts, legal or medical claims? Works without internet and without the host speaking English?",,
draft_P041,drafted,normal,bathroom_water / loved: Guests enjoyed washing outdoors with sun-warmed water and a view.,"Give the outdoor washing place more privacy with a bamboo or cloth screen, and show guests the time of day when the water is warmest.",,,,,"Is it practical this month for a 2-3 room farm-stay? No money amounts, legal or medical claims? Works without internet and without the host speaking English?",,
draft_P044,drafted,normal,hygiene / wished: Rubbish was lying around the yard.,"Sweep the yard before guests arrive, keep one covered basket for waste where guests can see it, and one pit for kitchen scraps.",,,,,"Is it practical this month for a 2-3 room farm-stay? No money amounts, legal or medical claims? Works without internet and without the host speaking English?",,
draft_P045,drafted,normal,hygiene / wished: Mosquitoes and other insects kept us awake.,"Hang a net over each guest bed if the family has one, close the window before dusk, and clear standing water near the house.",,,,,"Is it practical this month for a 2-3 room farm-stay? No money amounts, legal or medical claims? Works without internet and without the host speaking English?",,
draft_P046,drafted,normal,hygiene / wished: The cups and plates were not clean.,"Wash the guests' dishes with soap and hot water, dry them on a rack in the sun, and keep them covered until they are used.",,,,,"Is it practical this month for a 2-3 room farm-stay? No money amounts, legal or medical claims? Works without internet and without the host speaking English?",,
draft_P047,drafted,normal,hygiene / loved: Guests said the swept yard and sun-dried bedding made the place feel cared for.,"Do the sweeping and airing in the morning while guests are around, and put a few flowers or green leaves in their room.",,,,,"Is it practical this month for a 2-3 room farm-stay? No money amounts, legal or medical claims? Works without internet and without the host speaking English?",,
draft_P048,drafted,normal,hygiene / loved: Guests noticed how clean and tidy the kitchen was kept.,Invite guests into the kitchen to watch or help; a clean kitchen that guests can see for themselves needs no explaining.,,,,,"Is it practical this month for a 2-3 room farm-stay? No money amounts, legal or medical claims? Works without internet and without the host speaking English?",,
draft_P050,drafted,normal,activities / wished: The farm walk was too short; we wanted to see more.,"Lengthen the walk by adding stops where guests use their hands — pick, smell, taste, dig — and not only look.",,,,,"Is it practical this month for a 2-3 room farm-stay? No money amounts, legal or medical claims? Works without internet and without the host speaking English?",,
draft_P051,drafted,normal,activities / wished: We wanted to help with the farm work but were only allowed to watch.,"Give guests one real task that suits the season — picking ripe cherries, sorting beans, cutting grass — and work beside them.",,,,,"Is it practical this month for a 2-3 room farm-stay? No money amounts, legal or medical claims? Works without internet and without the host speaking English?",,
draft_P052,drafted,normal,activities / wished: It rained all day and there was nothing to do indoors.,"Keep a few rainy-day things ready by the fire: roasting coffee, making pickle or flatbread together, playing a local board game.",,,,,"Is it practical this month for a 2-3 room farm-stay? No money amounts, legal or medical claims? Works without internet and without the host speaking English?",,
draft_P053,drafted,normal,activities / loved: Guests loved the cooking class with the host.,"Offer it at every stay: let guests choose between two dishes by pointing at the ingredients, and let them do each step with their own hands.",,,,,"Is it practical this month for a 2-3 room farm-stay? No money amounts, legal or medical claims? Works without internet and without the host speaking English?",,
draft_P054,drafted,normal,activities / loved: Guests loved picking coffee cherries and seeing how the coffee is processed.,"Outside harvest time, show the other steps — drying, hulling, roasting — so that every guest handles coffee whatever the month.",,,,,"Is it practical this month for a 2-3 room farm-stay? No money amounts, legal or medical claims? Works without internet and without the host speaking English?",,
draft_P055,drafted,normal,activities / loved: Guests enjoyed feeding and milking the animals.,"Keep a regular time morning and evening when guests can join the animal work, and make their tea with the milk they helped collect.",,,,,"Is it practical this month for a 2-3 room farm-stay? No money amounts, legal or medical claims? Works without internet and without the host speaking English?",,
draft_P056,drafted,normal,culture / wished: We did not know whether to take our shoes off or where we were allowed to sit.,"Show the house customs by doing them first — take off your own shoes at the door, point to where guests sit — and ask the guide to explain once on arrival.",,,,,"Is it practical this month for a 2-3 room farm-stay? No money amounts, legal or medical claims? Works without internet and without the host speaking English?",,
draft_P057,drafted,normal,culture / wished: We were unsure whether we could photograph the family and the shrine.,Decide as a family what may be photographed and have the guide tell guests on arrival; for everything else a gentle hand gesture is enough.,,,,,"Is it practical this month for a 2-3 room farm-stay? No money amounts, legal or medical claims? Works without internet and without the host speaking English?",,
draft_P058,drafted,normal,culture / loved: Guests loved being invited to sit in the kitchen and watch the family cook on the fire.,"Mark a guest seat by the fire with a mat or low stool, lead guests to it by hand, and pass them something small to do, like shelling beans.",,,,,"Is it practical this month for a 2-3 room farm-stay? No money amounts, legal or medical claims? Works without internet and without the host speaking English?",,
draft_P059,drafted,normal,culture / wished: A festival was going on in the village but we did not understand what was happening.,"When a festival falls during a stay, ask the guide beforehand to explain it, and give guests a small part in it, such as carrying flowers.",,,,,"Is it practical this month for a 2-3 room farm-stay? No money amounts, legal or medical claims? Works without internet and without the host speaking English?",,
draft_P060,drafted,normal,culture / loved: Guests loved being given tika and flowers when they left.,"Keep this farewell for every guest, and take a photo together at that moment on the guest's own phone so they carry it home.",,,,,"Is it practical this month for a 2-3 room farm-stay? No money amounts, legal or medical claims? Works without internet and without the host speaking English?",,
draft_P061,drafted,normal,culture / loved: Guests enjoyed an evening of songs and dancing with the neighbours.,"When neighbours are free, invite them for a short evening of songs for guests who stay more than one night, and teach guests one easy chorus or step.",,,,,"Is it practical this month for a 2-3 room farm-stay? No money amounts, legal or medical claims? Works without internet and without the host speaking English?",,
draft_P063,drafted,normal,safety / wished: The village dogs frightened us when we walked at night.,"Walk with guests after dark, tie up the family dog when guests are arriving, and let the neighbours know when guests are expected.",,,,,"Is it practical this month for a 2-3 room farm-stay? No money amounts, legal or medical claims? Works without internet and without the host speaking English?",,
draft_P064,drafted,normal,safety / wished: We found leeches on the trail in the rainy season.,"In the rainy months, let guests know by gesture before a walk, offer a little salt to carry, and keep the grass short along the main path.",,,,,"Is it practical this month for a 2-3 room farm-stay? No money amounts, legal or medical claims? Works without internet and without the host speaking English?",,
draft_P065,drafted,normal,safety / wished: The path to the viewpoint had a steep drop and nobody came with us.,"Send a family member along on the first walk to any steep place, and show guests in daylight which paths to stay away from.",,,,,"Is it practical this month for a 2-3 room farm-stay? No money amounts, legal or medical claims? Works without internet and without the host speaking English?",,
draft_P066,drafted,normal,safety / wished: A storm came in quickly and we were caught outside.,"When clouds build, point at the sky and keep guests near the house, and plan walks for the clear morning hours.",,,,,"Is it practical this month for a 2-3 room farm-stay? No money amounts, legal or medical claims? Works without internet and without the host speaking English?",,
draft_P067,drafted,normal,"safety / loved: Guests said they felt safe and looked after, like part of the family.","Keep the small things that gave them this feeling: walking them to the room at night, looking in on them in the morning, showing where the family sleeps in case they need help.",,,,,"Is it practical this month for a 2-3 room farm-stay? No money amounts, legal or medical claims? Works without internet and without the host speaking English?",,
draft_P069,drafted,normal,pricing_payment / wished: The host had no change for our large notes.,"In the weeks before guests come, collect small notes in a tin, and ask guides to tell guests to bring small notes too.",,,,,"Is it practical this month for a 2-3 room farm-stay? No money amounts, legal or medical claims? Works without internet and without the host speaking English?",,
draft_P070,drafted,normal,"pricing_payment / wished: We wanted to pay by card or phone, but only cash was possible.","Have guides tell guests before they travel that only cash works here, so they bring enough from town.",,,,,"Is it practical this month for a 2-3 room farm-stay? No money amounts, legal or medical claims? Works without internet and without the host speaking English?",,
draft_P071,drafted,normal,pricing_payment / wished: We asked for a receipt and there was none.,"Keep a small notebook with carbon paper: write the date, the nights, the meals and the amount, give the guest the top page and keep the copy.",,,,,"Is it practical this month for a 2-3 room farm-stay? No money amounts, legal or medical claims? Works without internet and without the host speaking English?",,
draft_P072,drafted,normal,pricing_payment / wished: We were not sure whether the activities were included or extra.,"Make a picture list of what is part of the stay and what is extra, and point to it on arrival.",,,,,"Is it practical this month for a 2-3 room farm-stay? No money amounts, legal or medical claims? Works without internet and without the host speaking English?",,
draft_P073,drafted,normal,pricing_payment / loved: Guests felt the stay was very good value and wanted to give something extra.,Give them a way to do that which helps the farm: offer the farm's coffee or honey to buy and carry home.,,,,,"Is it practical this month for a 2-3 room farm-stay? No money amounts, legal or medical claims? Works without internet and without the host speaking English?",,
draft_P075,drafted,normal,booking_enquiries / wished: We sent a message and the reply came many days later.,"Ask guides and past guests to call or send a plain text message and not to use internet chat, and look at the basic phone every evening.",,,,,"Is it practical this month for a 2-3 room farm-stay? No money amounts, legal or medical claims? Works without internet and without the host speaking English?",,
draft_P076,drafted,normal,booking_enquiries / wished: Two groups were booked for the same night and there were not enough beds.,"Hang a wall calendar in the kitchen, mark every booking on it the moment the call ends, and look at it before saying yes.",,,,,"Is it practical this month for a 2-3 room farm-stay? No money amounts, legal or medical claims? Works without internet and without the host speaking English?",,
draft_P077,drafted,normal,booking_enquiries / wished: We had to cancel and did not know how to tell the host.,"Ask every guide for one promise: if plans change, call the evening before, even for a very short call.",,,,,"Is it practical this month for a 2-3 room farm-stay? No money amounts, legal or medical claims? Works without internet and without the host speaking English?",,
draft_P078,drafted,normal,"booking_enquiries / wished: The host did not know we were coming, or how many of us there were.","At every booking ask the same three things and mark them on the calendar: which day, how many people, how many nights.",,,,,"Is it practical this month for a 2-3 room farm-stay? No money amounts, legal or medical claims? Works without internet and without the host speaking English?",,
draft_P079,drafted,normal,booking_enquiries / loved: Guests liked that their guide had arranged everything with the host by phone beforehand.,"Keep the numbers of the guides who do this well in a notebook, thank them, and ask each to tell you the guests' food needs and arrival time in the same call.",,,,,"Is it practical this month for a 2-3 room farm-stay? No money amounts, legal or medical claims? Works without internet and without the host speaking English?",,
draft_P080,drafted,normal,online_presence / wished: We could not find the farm-stay on any map or website before coming.,Ask a trusted guide or a relative from town to add the farm to the phone map for you while they are standing in the yard.,,,,,"Is it practical this month for a 2-3 room farm-stay? No money amounts, legal or medical claims? Works without internet and without the host speaking English?",,
draft_P081,drafted,normal,"online_presence / wished: There were no photos anywhere, so we did not know what to expect.","Ask a guest who takes good pictures to photograph the rooms, a meal and the farm, and to pass the pictures to the guide who brings future guests.",,,,,"Is it practical this month for a 2-3 room farm-stay? No money amounts, legal or medical claims? Works without internet and without the host speaking English?",,
draft_P082,drafted,normal,"online_presence / wished: We wanted to send friends the location, but there was nothing to share.","Keep a small card with the farm's name, the nearest bus stop, the phone number and a hand-drawn map, and let guests photograph it; ask a guide to write the name once in letters guests can read.",,,,,"Is it practical this month for a 2-3 room farm-stay? No money amounts, legal or medical claims? Works without internet and without the host speaking English?",,
draft_P083,drafted,normal,online_presence / wished: The phone number we found for the farm was old and no longer worked.,"Whenever the number changes, call each guide in the same week and write the new number on the farm card and the signboard.",,,,,"Is it practical this month for a 2-3 room farm-stay? No money amounts, legal or medical claims? Works without internet and without the host speaking English?",,
draft_P084,drafted,normal,online_presence / loved: Guests found the place through a friend who had stayed before.,Give every leaving guest two of the farm cards — one to keep and one to hand to a friend.,,,,,"Is it practical this month for a 2-3 room farm-stay? No money amounts, legal or medical claims? Works without internet and without the host speaking English?",,
draft_P085,drafted,normal,online_presence / loved: Guests took many photos and wanted to share them.,"Show guests the prettiest spots for photos — coffee in fruit, the view, the kitchen fire — and show them on the farm card how the farm's name is written.",,,,,"Is it practical this month for a 2-3 room farm-stay? No money amounts, legal or medical claims? Works without internet and without the host speaking English?",,
draft_P087,drafted,normal,"reviews_referrals / wished: Guests said they would recommend us, but no new guests came from it.","At goodbye, hand guests the farm card and ask through the guide for one thing: to give it to one friend who would enjoy the farm.",,,,,"Is it practical this month for a 2-3 room farm-stay? No money amounts, legal or medical claims? Works without internet and without the host speaking English?",,
draft_P090,drafted,normal,reviews_referrals / wished: A guest wanted to come back with family but did not know how to arrange it.,"Tell returning guests through the guide which phone number to use and which months are best, and write both on the farm card.",,,,,"Is it practical this month for a 2-3 room farm-stay? No money amounts, legal or medical claims? Works without internet and without the host speaking English?",,
draft_P091,drafted,normal,reviews_referrals / loved: Guests wrote warm thank-you messages after going home.,"Answer each one with a short thank-you in the guest's language, which Gauri can draft, and invite them to tell a friend.",,,,,"Is it practical this month for a 2-3 room farm-stay? No money amounts, legal or medical claims? Works without internet and without the host speaking English?",,
draft_P092,drafted,normal,reviews_referrals / loved: Some guests came back a second time and brought friends.,"Welcome returning guests with something that shows you remember them — their favourite dish, the same room — and show their friends what the first guest liked most.",,,,,"Is it practical this month for a 2-3 room farm-stay? No money amounts, legal or medical claims? Works without internet and without the host speaking English?",,
draft_P093,drafted,normal,seasonal_operations / wished: During the monsoon the road was blocked and we could not reach the farm.,"In the rainy months, tell guides every week whether the road is open, and agree on a walking route from the last point vehicles can reach.",,,,,"Is it practical this month for a 2-3 room farm-stay? No money amounts, legal or medical claims? Works without internet and without the host speaking English?",,
draft_P095,drafted,normal,seasonal_operations / wished: The power was out for most of our stay.,"Charge the solar lamp and the torches on every sunny day, and tell guests on arrival to charge their phones whenever the power is on.",,,,,"Is it practical this month for a 2-3 room farm-stay? No money amounts, legal or medical claims? Works without internet and without the host speaking English?",,
draft_P096,drafted,normal,seasonal_operations / wished: In winter there was little fresh food and the farm looked bare.,"In the growing months, dry and store garden produce — greens, chillies, pickles — and in winter show guests the stored food and the pruning or planting work.",,,,,"Is it practical this month for a 2-3 room farm-stay? No money amounts, legal or medical claims? Works without internet and without the host speaking English?",,
draft_P097,drafted,normal,seasonal_operations / wished: The family seemed tired from hosting on top of the farm work.,"Share the guest work by task — one person cooks, one keeps the room, one shows the farm — and in busy farm weeks leave a free day between guest groups.",,,,,"Is it practical this month for a 2-3 room farm-stay? No money amounts, legal or medical claims? Works without internet and without the host speaking English?",,
draft_P098,drafted,normal,seasonal_operations / wished: In the dry months there was hardly any water for guests.,"Before the dry months, store rainwater in covered drums, and in that season have guides tell guests beforehand that washing will be by bucket.",,,,,"Is it practical this month for a 2-3 room farm-stay? No money amounts, legal or medical claims? Works without internet and without the host speaking English?",,
draft_P099,drafted,normal,seasonal_operations / loved: Guests who came at harvest time loved seeing the whole farm at work.,"Tell guides which weeks the harvest falls in, so they can bring guests then, and in those weeks plan one harvest task for guests each day.",,,,,"Is it practical this month for a 2-3 room farm-stay? No money amounts, legal or medical claims? Works without internet and without the host speaking English?",,
draft_P100,drafted,normal,"seasonal_operations / loved: Guests enjoyed the quiet of the off-season, when they were the only visitors.","Tell guides that the quiet months suit guests who want rest, and in those months offer slower things: long tea by the fire, village walks, cooking together.",,,,,"Is it practical this month for a 2-3 room farm-stay? No money amounts, legal or medical claims? Works without internet and without the host speaking English?",,
